{
  "timestamp": "20250718_164607",
  "spy_data": {
    "PX_LAST": 627.58,
    "CUR_MKT_CAP": 647525812500.0,
    "FUND_NET_ASSET_VAL": 627.640796,
    "FUND_TOTAL_ASSETS": 647588.54899892
  }
}