{
  "FUND_TOTAL_ASSETS": 649824.45006159,
  "FUND_NET_ASSET_VAL": 627.617997,
  "FUND_EXPENSE_RATIO": 0.0945
}